{"cameraMode":{"drawMode":0,"name":"Shaded","section":"Shading Mode"},"sceneLighting":true,"audioPlay":false,"sceneViewState":{"showFog":true,"showMaterialUpdate":false,"showSkybox":true,"showFlares":true,"showImageEffects":true,"showParticleSystems":true},"in2DMode":false,"pivot":{"x":-6.613999366760254,"y":24.174999237060548,"z":-13.172000885009766},"rotation":{"x":0.29171133041381838,"y":0.5095552206039429,"z":-0.18883569538593293,"w":0.7871561646461487},"size":22.0,"orthographic":false}