{"cameraMode":{"drawMode":0,"name":"Shaded","section":"Shading Mode"},"sceneLighting":true,"audioPlay":false,"sceneViewState":{"showFog":true,"showMaterialUpdate":false,"showSkybox":true,"showFlares":true,"showImageEffects":true,"showParticleSystems":true},"in2DMode":false,"pivot":{"x":136.50387573242188,"y":-63.301055908203128,"z":103.47581481933594},"rotation":{"x":0.19943539798259736,"y":0.3952738046646118,"z":-0.08835962414741516,"w":0.892305850982666},"size":227.33587646484376,"orthographic":false}