{"cameraMode":{"drawMode":0,"name":"Shaded","section":"Shading Mode"},"sceneLighting":true,"audioPlay":false,"sceneViewState":{"showFog":true,"showMaterialUpdate":false,"showSkybox":true,"showFlares":true,"showImageEffects":true,"showParticleSystems":true},"in2DMode":false,"pivot":{"x":36.80425262451172,"y":2.178760290145874,"z":14.80368423461914},"rotation":{"x":0.09247315675020218,"y":0.641667366027832,"z":-0.07834873348474503,"w":0.7573487758636475},"size":59.55531311035156,"orthographic":false}