{"cameraMode":{"drawMode":0,"name":"Shaded","section":"Shading Mode"},"sceneLighting":true,"audioPlay":false,"sceneViewState":{"showFog":true,"showMaterialUpdate":false,"showSkybox":true,"showFlares":true,"showImageEffects":true,"showParticleSystems":true},"in2DMode":false,"pivot":{"x":115.6612548828125,"y":-139.8769073486328,"z":57.64705276489258},"rotation":{"x":0.3495267927646637,"y":0.49511829018592837,"z":-0.22702494263648988,"w":0.7623525261878967},"size":263.57745361328127,"orthographic":false}