{"cameraMode":{"drawMode":0,"name":"Shaded","section":"Shading Mode"},"sceneLighting":true,"audioPlay":false,"sceneViewState":{"showFog":true,"showMaterialUpdate":false,"showSkybox":true,"showFlares":true,"showImageEffects":true,"showParticleSystems":true},"in2DMode":false,"pivot":{"x":-0.7758769392967224,"y":10.937911033630371,"z":8.457377433776856},"rotation":{"x":0.19625209271907807,"y":0.6527017951011658,"z":-0.18064075708389283,"w":0.7091113924980164},"size":6.963161945343018,"orthographic":false}