{"cameraMode":{"drawMode":0,"name":"Shaded","section":"Shading Mode"},"sceneLighting":true,"audioPlay":false,"sceneViewState":{"showFog":true,"showMaterialUpdate":false,"showSkybox":true,"showFlares":true,"showImageEffects":true,"showParticleSystems":true},"in2DMode":false,"pivot":{"x":16.963420867919923,"y":10.9395751953125,"z":1.670682430267334},"rotation":{"x":0.02916264906525612,"y":0.8015701770782471,"z":-0.03922765329480171,"w":0.5959280133247376},"size":12.22311019897461,"orthographic":false}